Voltaje PV1 [V];Voltaje PV2 [V];Corriente PV1 [A];Corriente PV2[A];Potencia PV1 [W];Potencia PV2 [W];Energia hoy [Wh];Voltaje [Vac];Corriente [Aac];temp_vertical;temp_inclinado;irradiancia_incidente;irradiancia_reflejada;albedo;timestamp;Corriente PV2 [A];Potencia total [VA];Energía PV1 [Wh];Energia PV2 [Wh]
0.0;0.0;0.0;0.0;0.0;0.0;0.0;0.0;0.0;85.0;85.0;-38.845008416418494;-37.90271636133923;0.0;26/12/2025 05:52;;;;
23.395121951219508;23.365853658536587;0.0;0.0;0.0;0.0;0.0;36.51951219512195;0.0;85.0;85.0;;;;26/12/2025 05:57;;;;
;;;;;;;;;;;-22.315217600921276;-36.289834814048156;0.0;26/12/2025 05:57;;;;
145.93070866141733;144.01811023622048;0.0;0.0;0.0;0.0;0.0;214.22677165354307;0.0;85.0;85.0;;;;26/12/2025 06:02;;;;
;;;;;;;;;;;-8.177896508719687;-36.47780221241662;0.0;26/12/2025 06:02;;;;
153.9412371134019;152.59793814433;0.0;0.0;0.0;0.0;0.0;214.0752577319588;0.0;92.08239175257731;85.0;;;;26/12/2025 06:07;;;;
;;;;;;;;;;;-1.3242616505597213;-35.74915293171761;0.0;26/12/2025 06:07;;;;
151.905;151.285;0.0;0.0;0.0;0.0;0.0;214.24;0.0;85.0;85.0;;;;26/12/2025 06:12;;;;
;;;;;;;;;;;-1.7656822007462951;-36.179865617641994;0.0;26/12/2025 06:13;;;;
154.79;153.395;0.0;0.0;0.0;0.0;0.0;214.16500000000002;0.0;85.0;85.0;;;;26/12/2025 06:17;;;;
;;;;;;;;;;;0.0;-32.734164130247514;0.0;26/12/2025 06:18;;;;
165.69523809523812;163.2619047619048;0.0;0.0;0.0;0.0;0.0;214.5380952380952;0.0;85.0;85.0;;;;26/12/2025 06:22;;;;
;;;;;;;;;;;0.0;-12.634238787113077;0.0;26/12/2025 06:24;;;;
153.07142857142858;145.50476190476192;0.19047619047619052;0.09523809523809526;45.21904761904762;26.342857142857145;0.0;214.57619047619045;0.46190476190476193;85.0;85.0;;;;26/12/2025 06:27;;;;
;;;;;;;;;;;8.828411003731476;-3.4457014873944756;0.0;26/12/2025 06:29;;;;
155.085;149.17000000000002;0.3550000000000001;0.1950000000000001;71.69499999999998;37.67500000000001;0.0;214.45499999999998;0.5999999999999999;85.0;85.0;;;;26/12/2025 06:32;;;;
;;;;;;;;;;;38.84500841641851;0.0;0.0;26/12/2025 06:34;;;;
154.8;148.46190476190478;0.3190476190476191;0.1666666666666667;69.5047619047619;40.28571428571428;0.0;214.38095238095238;0.5714285714285714;85.0;85.0;;;;26/12/2025 06:37;;;;
;;;;;;;;;;;11.098573833262426;-5.414673765905604;0.0;26/12/2025 06:40;;;;
152.22857142857143;144.38571428571427;0.21904761904761902;0.10000000000000002;54.45238095238095;29.461904761904766;0.0;214.50476190476192;0.4904761904761904;85.0;85.0;;;;26/12/2025 06:43;;;;
;;;;;;;;;;;12.359775405224065;0.0;0.0;26/12/2025 06:45;;;;
148.59047619047618;144.92380952380952;0.3857142857142857;0.180952380952381;75.62857142857143;39.8952380952381;0.0;214.70000000000005;0.5999999999999999;85.0;85.0;;;;26/12/2025 06:48;;;;
;;;;;;;;;;;16.647860749893642;-3.6097825106037362;0.0;26/12/2025 06:50;;;;
153.555;148.0;0.25;0.14;58.489999999999995;37.599999999999994;0.0;214.59499999999997;0.5299999999999999;85.0;85.0;;;;26/12/2025 06:53;;;;
;;;;;;;;;;;31.445959194243557;0.0;0.0;26/12/2025 06:56;;;;
154.185;155.34000000000006;0.6900000000000001;0.29000000000000004;122.87;58.64000000000001;0.0;214.49500000000003;0.8200000000000001;85.0;85.0;;;;26/12/2025 06:58;;;;
;;;;;;;;;;;72.39297023059814;0.0;0.0;26/12/2025 07:01;;;;
158.78095238095239;156.24285714285713;0.7619047619047619;0.42380952380952397;137.6095238095238;77.35238095238094;0.0;214.39047619047622;0.9476190476190476;85.0;85.0;;;;26/12/2025 07:03;;;;
;;;;;;;;;;;46.24405763859347;0.0;0.0;26/12/2025 07:06;;;;
157.69;156.31;0.6799999999999999;0.33499999999999985;124.51500000000001;63.11500000000001;0.0;214.37500000000006;0.8250000000000002;76.27489999999997;85.0;;;;26/12/2025 07:08;;;;
;;;;;;;;;;;38.84500841641851;0.0;0.0;26/12/2025 07:12;;;;
156.62500000000003;155.11;0.615;0.29999999999999993;114.54;59.039999999999985;0.09000000000000002;214.27500000000003;0.7799999999999999;26.774800000000006;85.0;;;;26/12/2025 07:13;;;;
;;;;;;;;;;;53.64310686076843;0.0;0.0;26/12/2025 07:17;;;;
152.34761904761905;153.51428571428573;0.6285714285714287;0.3476190476190476;112.74285714285716;67.92857142857143;0.10000000000000002;214.21428571428567;0.8190476190476191;29.63080952380952;85.0;;;;26/12/2025 07:18;;;;
;;;;;;;;;;;40.610690617164806;0.0;0.0;26/12/2025 07:22;;;;
155.43809523809526;151.83809523809526;0.4666666666666667;0.26666666666666655;89.76666666666668;55.4904761904762;0.10000000000000002;213.97619047619048;0.6571428571428569;23.844952380952385;85.0;;;;26/12/2025 07:24;;;;
;;;;;;;;;;;59.19239377739963;0.0;0.0;26/12/2025 07:28;;;;
156.95714285714286;153.31904761904764;0.7095238095238093;0.3904761904761906;128.6428571428571;75.92857142857143;0.10000000000000002;214.1857142857143;0.9095238095238094;24.100904761904765;85.0;;;;26/12/2025 07:29;;;;
;;;;;;;;;;;52.97046602238888;0.0;0.0;26/12/2025 07:33;;;;
156.08499999999998;150.23499999999999;0.5050000000000001;0.34499999999999986;96.93499999999999;67.675;0.10000000000000002;213.965;0.7349999999999997;27.28095;85.0;;;;26/12/2025 07:34;;;;
;;;;;;;;;;;59.19239377739963;0.0;0.0;26/12/2025 07:38;;;;
156.6095238095238;152.1761904761905;0.6809523809523808;0.4523809523809524;122.05238095238099;80.98095238095237;0.10000000000000002;214.12857142857138;0.9047619047619048;27.21695238095238;85.0;;;;26/12/2025 07:39;;;;
;;;;;;;;;;;90.63835297164317;0.0;0.0;26/12/2025 07:44;;;;
154.195;154.24500000000006;1.065;0.6299999999999999;175.61999999999995;105.975;0.15000000000000002;213.88999999999996;1.2300000000000002;33.75925;85.0;;;;26/12/2025 07:44;;;;
;;;;;;;;;;;91.81547443880737;0.0;0.0;26/12/2025 07:49;;;;
157.49047619047613;155.49523809523808;1.0238095238095242;0.5809523809523809;173.60476190476194;102.46666666666665;0.20000000000000004;213.96190476190475;1.2190476190476187;38.969952380952385;85.0;;;;26/12/2025 07:49;;;;
155.4;154.215;0.9099999999999999;0.5899999999999999;155.165;103.94500000000001;0.20000000000000004;214.01499999999996;1.165;25.527850000000004;85.0;83.23930374946823;0.0;0.0;26/12/2025 07:54;;;;
149.95999999999998;151.525;1.97;1.19;299.265;186.36499999999998;0.20000000000000004;214.01499999999993;2.165;25.97785;85.0;;;;26/12/2025 07:59;;;;
;;;;;;;;;;;177.57718133219882;1.8048912553018681;0.00774398620260907;26/12/2025 08:00;;;;
159.635;160.61499999999998;2.435;1.355;387.095;221.67499999999995;0.2949999999999999;214.31000000000003;2.7049999999999996;27.1341;85.0;;;;26/12/2025 08:04;;;;
;;;;;;;;;;;203.05345308582392;24.119910411761328;0.10940140508049541;26/12/2025 08:05;;;;
159.21904761904756;157.09523809523813;3.5809523809523816;1.8666666666666667;562.7857142857143;297.31428571428575;0.3238095238095238;214.61904761904765;3.842857142857143;28.142666666666667;85.0;;;;26/12/2025 08:10;;;;
;;;;;;;;;;;310.7600673313479;43.317390127244835;0.13824291852899379;26/12/2025 08:10;;;;
156.17142857142858;158.01428571428573;2.8476190476190473;1.4285714285714286;458.4095238095238;233.70476190476188;0.4000000000000001;214.42857142857142;3.019047619047618;29.75276190476191;85.0;;;;26/12/2025 08:15;;;;
;;;;;;;;;;;192.37527977654872;14.439130042414945;0.055314187161493354;26/12/2025 08:16;;;;
157.205;156.07;2.79;1.5749999999999997;425.04499999999996;246.075;0.44499999999999995;214.65499999999997;3.045000000000001;32.874750000000006;85.0;;;;26/12/2025 08:20;;;;
;;;;;;;;;;;250.7268725059739;29.28846264285304;0.1080670074579797;26/12/2025 08:21;;;;
156.34000000000003;148.49;3.2300000000000004;1.7149999999999999;498.3199999999999;259.22999999999996;0.5;214.45499999999998;3.37;39.71225;85.0;;;;26/12/2025 08:25;;;;
;;;;;;;;;;;240.46909972068602;32.488042595433626;0.133085934310553;26/12/2025 08:26;;;;
156.03999999999996;145.60499999999996;2.375000000000001;1.4699999999999998;371.51;218.825;0.5799999999999998;214.41000000000003;2.6149999999999998;34.9873;85.0;;;;26/12/2025 08:30;;;;
;;;;;;;;;;;173.87765672111138;7.2195650212074725;0.03717113377252354;26/12/2025 08:32;;;;
156.26999999999998;156.86500000000004;2.615;1.3449999999999998;408.96500000000003;214.25;0.5999999999999999;214.41;2.7849999999999997;38.184200000000004;85.0;;;;26/12/2025 08:35;;;;
;;;;;;;;;;;213.6475462903018;24.119910411761328;0.1044030139860841;26/12/2025 08:37;;;;
155.43333333333334;156.93333333333337;3.2428571428571433;1.2571428571428571;521.842857142857;205.86666666666665;0.6809523809523806;214.44761904761907;3.1380952380952376;54.82128571428571;85.0;;;;26/12/2025 08:40;;;;
;;;;;;;;;;;220.1217143597048;25.268477574226154;0.08870551814464817;26/12/2025 08:42;;;;
155.94;146.57;2.769999999999999;1.51;432.5450000000001;224.42500000000004;0.7049999999999998;214.49000000000007;2.9300000000000006;60.852949999999986;85.0;;;;26/12/2025 08:45;;;;
;;;;;;;;;;;229.37052588742344;30.683151340131758;0.13175839381867718;26/12/2025 08:48;;;;
155.42857142857142;157.89047619047622;3.6999999999999993;1.8095238095238095;569.4904761904761;288.70952380952383;0.8000000000000002;214.4619047619048;3.838095238095238;77.14561904761905;85.0;;;;26/12/2025 08:50;;;;
;;;;;;;;;;;284.27483432015356;34.45701487394476;0.09884824741237376;26/12/2025 08:53;;;;
155.97;158.07;4.1;1.4250000000000003;637.8349999999999;231.55;0.8700000000000001;214.68499999999995;3.775000000000001;74.7655;85.0;;;;26/12/2025 08:55;;;;
;;;;;;;;;;;373.65198571983507;59.56141142496164;0.13250030018913692;26/12/2025 08:58;;;;
154.78571428571428;152.05714285714288;6.50952380952381;2.119047619047619;971.5285714285712;326.25714285714287;0.9428571428571431;215.1047619047619;5.8428571428571425;60.30333333333333;85.0;;;;26/12/2025 09:01;;;;
;;;;;;;;;;;425.44533027505975;66.78097644616908;0.14931571049509376;26/12/2025 09:04;;;;
151.0142857142857;160.1428571428571;4.752380952380953;1.6285714285714288;709.3904761904763;263.2095238095238;1.0428571428571431;214.6666666666667;4.357142857142857;67.94619047619047;85.0;;;;26/12/2025 09:06;;;;
;;;;;;;;;;;370.79326215672194;60.29977602940328;0.15752654286577975;26/12/2025 09:09;;;;
151.2238095238095;160.21904761904761;4.4190476190476184;1.5666666666666667;668.8380952380952;255.90476190476187;1.1238095238095236;214.8333333333333;4.057142857142857;83.79157142857142;85.0;;;;26/12/2025 09:11;;;;
;;;;;;;;;;;392.1496087752723;59.561411424961655;0.14859046759986097;26/12/2025 09:14;;;;
151.035;153.95;6.909999999999999;2.3949999999999996;1000.6999999999998;371.96000000000004;1.22;215.10999999999999;6.170000000000001;56.599700000000006;85.0;;;;26/12/2025 09:16;;;;
;;;;;;;;;;;416.19651874734103;63.17119393556535;0.1461578614848136;26/12/2025 09:20;;;;
151.06666666666666;147.79523809523812;4.247619047619047;1.8904761904761906;635.7190476190475;285.99047619047616;1.3000000000000003;214.39047619047622;4.014285714285714;75.37485714285714;85.0;;;;26/12/2025 09:21;;;;
;;;;;;;;;;;381.05103494201;63.17119393556539;0.15826690457189405;26/12/2025 09:25;;;;
148.9428571428572;157.90952380952382;6.5476190476190474;2.1476190476190475;966.5714285714286;342.40000000000003;1.3999999999999997;215.1095238095238;5.785714285714286;85.0;85.0;;;;26/12/2025 09:27;;;;
;;;;;;;;;;;430.99461719169074;64.97608519086721;0.14871913445007975;26/12/2025 09:30;;;;
148.65238095238092;145.052380952381;4.752380952380953;2.1095238095238096;701.1285714285714;308.93333333333334;1.5;214.4380952380953;4.419047619047619;85.0;85.0;;;;26/12/2025 09:32;;;;
;;;;;;;;;;;543.830117829859;87.86538792855912;0.16008013226080042;26/12/2025 09:36;;;;
147.43;152.88500000000002;6.609999999999999;2.3150000000000004;954.0249999999999;358.62;1.5950000000000006;214.84;5.775;85.0;85.0;;;;26/12/2025 09:37;;;;
;;;;;;;;;;;298.4002919261238;36.179865617641994;0.11678379192736282;26/12/2025 09:41;;;;
150.63999999999996;145.49499999999998;3.8949999999999987;1.6749999999999996;598.4849999999999;249.99499999999998;1.69;214.20999999999998;3.66;85.0;85.0;;;;26/12/2025 09:42;;;;
;;;;;;;;;;;314.4595919424354;37.90271636133923;0.09445956034693512;26/12/2025 09:46;;;;
149.47619047619045;152.86666666666667;3.7619047619047628;1.7000000000000004;554.6000000000001;261.49047619047616;1.7619047619047619;214.3476190476191;3.6428571428571423;85.0;85.0;;;;26/12/2025 09:47;;;;
;;;;;;;;;;;418.466681576872;62.02262677310056;0.1164409412561655;26/12/2025 09:52;;;;
154.315;155.10999999999999;4.994999999999999;2.1700000000000004;748.6299999999999;331.65999999999997;1.8150000000000002;214.56000000000003;4.965000000000002;85.0;85.0;;;;26/12/2025 09:52;;;;
150.12857142857143;155.49523809523808;5.547619047619047;2.2142857142857144;887.2952380952383;353.8666666666666;1.9238095238095234;214.66190476190474;5.161904761904762;85.0;85.0;453.78032559179786;70.63688049158674;0.15110765551682884;26/12/2025 09:57;;;;
151.86;155.5;3.575;1.6949999999999998;523.2099999999999;267.2700000000001;2.0;213.07;3.6300000000000003;85.0;85.0;;;;26/12/2025 10:02;;;;
;;;;;;;;;;;307.0605427202604;45.1222813825467;0.14286145975072967;26/12/2025 10:03;;;;
153.01904761904763;158.0619047619048;4.8619047619047615;2.2142857142857144;717.2238095238096;350.9238095238095;2.076190476190477;213.69047619047623;4.838095238095239;85.0;85.0;;;;26/12/2025 10:08;;;;
;;;;;;;;;;;421.9980459783646;62.02262677310054;0.1392178370246987;26/12/2025 10:08;;;;
148.8095238095238;158.0857142857143;8.023809523809522;2.7000000000000006;1183.6333333333332;428.4476190476191;2.185714285714286;214.85238095238094;6.928571428571429;85.0;85.0;;;;26/12/2025 10:13;;;;
;;;;;;;;;;;717.7077745509703;115.51304033931953;0.15561780932887162;26/12/2025 10:13;;;;
147.46666666666664;142.24761904761905;8.733333333333334;2.900000000000001;1185.4523809523807;407.0380952380953;2.3285714285714283;215.2;7.419047619047619;85.0;85.0;;;;26/12/2025 10:18;;;;
;;;;;;;;;;;732.50587299532;122.73260536052703;0.16253316612187269;26/12/2025 10:19;;;;
144.06;142.21999999999997;7.580000000000001;2.665;1131.145;390.93000000000006;2.46;215.04500000000002;6.359999999999999;85.0;85.0;;;;26/12/2025 10:23;;;;
;;;;;;;;;;;575.2760770241022;93.85434527569711;0.156970598612116;26/12/2025 10:24;;;;
150.21904761904764;143.29523809523812;7.366666666666666;2.9142857142857146;1026.7952380952381;408.34285714285716;2.5714285714285725;215.07619047619045;6.55238095238095;85.0;85.0;;;;26/12/2025 10:28;;;;
;;;;;;;;;;;692.1474226925477;113.7081490840177;0.15753809523551768;26/12/2025 10:29;;;;
142.90476190476187;142.99999999999997;8.7;3.152380952380953;1238.4714285714283;457.8809523809524;2.7190476190476183;215.12380952380948;7.366666666666667;85.0;85.0;;;;26/12/2025 10:34;;;;
;;;;;;;;;;;675.1632415234641;106.4885840628102;0.15152365915881794;26/12/2025 10:35;;;;
143.9904761904762;140.84761904761905;7.561904761904763;3.1523809523809527;1079.4952380952382;442.8238095238095;2.8333333333333326;215.28095238095236;6.685714285714285;85.0;85.0;;;;26/12/2025 10:39;;;;
;;;;;;;;;;;614.4574058597108;96.47964164704531;0.15076881357873442;26/12/2025 10:40;;;;
142.05238095238096;145.94285714285712;6.2285714285714295;2.7000000000000006;861.0952380952384;389.08571428571435;2.9619047619047616;214.8142857142857;5.571428571428572;85.0;85.0;;;;26/12/2025 10:44;;;;
;;;;;;;;;;;521.6329701633342;75.80543272267845;0.13215331500801733;26/12/2025 10:45;;;;
146.25238095238095;155.50000000000003;7.776190476190475;3.104761904761905;1121.9142857142858;486.6095238095239;3.0619047619047626;215.01428571428573;6.966666666666669;85.0;85.0;;;;26/12/2025 10:49;;;;
;;;;;;;;;;;658.5153807735707;102.87880155220648;0.14700261270256065;26/12/2025 10:51;;;;
147.79999999999998;151.26000000000002;5.67;2.495;840.96;385.1949999999999;3.1850000000000014;214.695;5.300000000000001;85.0;85.0;;;;26/12/2025 10:54;;;;
;;;;;;;;;;;568.549668640307;86.1425371848619;0.14121280835663622;26/12/2025 10:56;;;;
143.57142857142856;149.5238095238095;9.32380952380952;3.6285714285714294;1346.1142857142859;546.052380952381;3.309523809523809;215.53333333333327;8.247619047619047;85.0;85.0;;;;26/12/2025 11:00;;;;
;;;;;;;;;;;797.2475536893511;128.14727912643266;0.15897275526898108;26/12/2025 11:01;;;;
141.56;153.22500000000005;9.72;3.665;1361.6;563.9799999999999;3.4549999999999996;215.60999999999996;8.39;85.0;85.0;;;;26/12/2025 11:05;;;;
;;;;;;;;;;;791.6982667727196;119.12282284992328;0.14616799789182183;26/12/2025 11:07;;;;
141.31428571428575;149.96190476190475;8.738095238095237;3.5571428571428574;1200.2142857142858;530.8571428571429;3.614285714285715;215.35238095238103;7.647619047619047;85.0;85.0;;;;26/12/2025 11:10;;;;
;;;;;;;;;;;769.501119106195;120.92771410522519;0.1498429232421534;26/12/2025 11:12;;;;
141.94761904761907;151.53809523809528;9.142857142857148;3.7619047619047605;1267.0;571.8333333333334;3.7476190476190463;215.5619047619047;8.090476190476192;85.0;85.0;;;;26/12/2025 11:15;;;;
;;;;;;;;;;;815.7451767447888;113.70814908401775;0.13939175164696319;26/12/2025 11:17;;;;
139.995;151.58499999999998;8.27;3.4699999999999998;1132.8050000000003;508.785;3.8899999999999997;215.065;7.445000000000002;85.0;85.0;;;;26/12/2025 11:20;;;;
;;;;;;;;;;;686.2618153567269;95.65923653099904;0.12304363039832478;26/12/2025 11:23;;;;
142.06190476190474;150.51428571428573;8.457142857142859;3.733333333333333;1209.5666666666664;568.404761904762;4.033333333333332;215.41904761904763;7.614285714285713;85.0;85.0;;;;26/12/2025 11:25;;;;
;;;;;;;;;;;791.0256259343406;111.98529834032051;0.13660775660718227;26/12/2025 11:28;;;;
142.94761904761904;150.43333333333337;9.357142857142858;4.347619047619047;1320.7428571428568;653.6666666666666;4.180952380952382;215.04761904761904;8.57142857142857;85.0;85.0;;;;26/12/2025 11:31;;;;
;;;;;;;;;;;813.8954144392446;115.5130403393196;0.14184817918627846;26/12/2025 11:33;;;;
144.33;150.635;8.165000000000001;3.935;1142.96;579.3749999999999;4.345000000000001;214.975;7.505;85.0;85.0;;;;26/12/2025 11:36;;;;
;;;;;;;;;;;726.9565860786892;102.8788015522065;0.13529456640029766;26/12/2025 11:39;;;;
142.73809523809524;149.86666666666665;9.080952380952382;4.495238095238095;1290.0428571428572;676.5523809523809;4.471428571428571;214.96666666666664;8.495238095238093;85.0;85.0;;;;26/12/2025 11:41;;;;
;;;;;;;;;;;725.6953845067275;99.92534313443981;0.1262733750198575;26/12/2025 11:44;;;;
142.7904761904762;149.4857142857143;8.219047619047616;4.304761904761905;1175.161904761905;643.7666666666667;4.633333333333335;214.29047619047617;7.780952380952383;85.0;85.0;;;;26/12/2025 11:46;;;;
;;;;;;;;;;;813.8954144392449;113.70814908401773;0.13972363676993216;26/12/2025 11:49;;;;
142.87142857142857;149.5142857142857;9.252380952380955;4.99047619047619;1308.1952380952382;738.0333333333333;4.79047619047619;214.7571428571429;8.909523809523806;85.0;85.0;;;;26/12/2025 11:51;;;;
;;;;;;;;;;;845.7617741574755;115.43099982771497;0.13651175677822439;26/12/2025 11:55;;;;
143.54761904761907;147.98095238095237;9.276190476190475;5.247619047619048;1310.2190476190476;774.604761904762;4.957142857142857;214.70476190476197;9.04761904761905;85.0;85.0;;;;26/12/2025 11:57;;;;
;;;;;;;;;;;805.151083540311;111.98529834032051;0.13906032932723866;26/12/2025 12:00;;;;
143.05;147.45499999999998;9.100000000000001;5.455;1286.45;798.22;5.135000000000002;214.75499999999997;9.040000000000001;85.0;85.0;;;;26/12/2025 12:02;;;;
;;;;;;;;;;;815.7451767447886;113.70814908401773;0.1393917516469632;26/12/2025 12:06;;;;
144.2238095238095;147.36190476190475;8.923809523809528;5.495238095238094;1267.5714285714287;805.8238095238094;5.295238095238095;214.73809523809524;8.980952380952383;85.0;85.0;;;;26/12/2025 12:07;;;;
;;;;;;;;;;;806.9167657410569;113.70814908401775;0.14097574882476963;26/12/2025 12:11;;;;
143.09523809523807;146.2952380952381;8.80952380952381;5.571428571428569;1240.8285714285714;814.7619047619046;5.457142857142857;214.5380952380952;8.909523809523812;85.0;85.0;;;;26/12/2025 12:12;;;;
;;;;;;;;;;;789.8485044671761;113.70814908401773;0.14403814336852871;26/12/2025 12:16;;;;
144.20952380952386;146.16190476190476;8.633333333333333;5.704761904761906;1237.104761904762;829.0571428571429;5.638095238095239;214.9047619047619;8.919047619047621;85.0;85.0;;;;26/12/2025 12:17;;;;
;;;;;;;;;;;778.7499306339133;113.70814908401773;0.14602945410634252;26/12/2025 12:22;;;;
145.6238095238095;146.1;8.495238095238095;5.819047619047619;1219.9285714285713;847.6047619047617;5.8047619047619055;214.6428571428571;8.957142857142859;85.0;85.0;;;;26/12/2025 12:23;;;;
;;;;;;;;;;;776.9001683283697;113.70814908401775;0.14636133922931147;26/12/2025 12:27;;;;
145.77500000000003;145.95;8.359999999999998;5.9399999999999995;1206.2050000000002;861.4799999999999;5.959999999999999;214.76999999999998;8.960000000000003;85.0;85.0;;;;26/12/2025 12:28;;;;
;;;;;;;;;;;776.9001683283697;113.70814908401773;0.14636133922931147;26/12/2025 12:32;;;;
145.8190476190476;145.19047619047618;8.285714285714288;6.071428571428571;1195.342857142857;877.7523809523811;6.1380952380952385;215.55714285714285;8.909523809523812;85.0;85.0;;;;26/12/2025 12:33;;;;
;;;;;;;;;;;776.9001683283697;113.70814908401773;0.14636133922931147;26/12/2025 12:38;;;;
144.79;144.46999999999997;8.3;6.299999999999999;1190.81;902.8399999999998;6.3;216.08499999999998;8.985000000000001;85.0;85.0;;;;26/12/2025 12:38;;;;
145.73333333333335;144.55714285714288;8.433333333333332;6.547619047619047;1215.7761904761905;937.6190476190476;6.466666666666666;216.3;9.233333333333334;85.0;85.0;806.9167657410572;113.70814908401775;0.14097574882476963;26/12/2025 12:43;;;;
145.73000000000002;144.725;8.149999999999999;6.494999999999999;1176.2350000000001;933.775;6.6450000000000005;216.25499999999997;9.044999999999998;85.0;85.0;;;;26/12/2025 12:48;;;;
;;;;;;;;;;;776.9001683283697;113.70814908401773;0.14636133922931147;26/12/2025 12:48;;;;
145.7761904761905;144.57619047619048;8.147619047619047;6.680952380952381;1174.2;961.3476190476189;6.809523809523809;216.2190476190476;9.157142857142855;85.0;85.0;;;;26/12/2025 12:53;;;;
;;;;;;;;;;;776.9001683283697;113.70814908401773;0.14636133922931147;26/12/2025 12:54;;;;
145.75;144.525;8.114999999999998;6.825;1164.34;977.2850000000001;6.9799999999999995;216.42999999999998;9.219999999999997;85.0;85.0;;;;26/12/2025 12:58;;;;
;;;;;;;;;;;775.1344861276234;113.70814908401775;0.1467114859738792;26/12/2025 12:59;;;;
145.805;143.82;7.969999999999999;6.9350000000000005;1153.56;996.3599999999999;7.144999999999999;216.39499999999998;9.184999999999999;85.0;85.0;;;;26/12/2025 13:03;;;;
;;;;;;;;;;;769.5011191061948;113.70814908401773;0.14789849137779928;26/12/2025 13:04;;;;
146.95;144.435;7.839999999999999;7.035000000000001;1142.01;1010.3399999999999;7.3149999999999995;216.68500000000003;9.204999999999998;85.0;85.0;;;;26/12/2025 13:08;;;;
;;;;;;;;;;;746.8835709156828;106.81674610922879;0.13764003712091857;26/12/2025 13:10;;;;
146.925;143.95;7.664999999999999;7.0649999999999995;1132.345;1028.3000000000004;7.4799999999999995;216.26500000000001;9.13;85.0;85.0;;;;26/12/2025 13:13;;;;
;;;;;;;;;;;680.7125284400955;92.04945402039526;0.12873126148542216;26/12/2025 13:15;;;;
148.1952380952381;143.3428571428571;7.333333333333335;7.133333333333333;1068.1619047619047;1010.4999999999998;7.642857142857141;216.18571428571425;8.995238095238093;85.0;85.0;;;;26/12/2025 13:19;;;;
;;;;;;;;;;;813.8954144392444;117.31793159462147;0.14406253822535878;26/12/2025 13:20;;;;
146.32000000000002;142.67999999999998;8.585;7.81;1226.065;1096.7549999999999;7.825;216.47000000000003;10.065000000000001;85.0;85.0;;;;26/12/2025 13:24;;;;
;;;;;;;;;;;923.0313904663251;142.58640916884758;0.15375055446343938;26/12/2025 13:26;;;;
144.36;141.34999999999997;9.09;8.51;1299.585;1192.7900000000002;8.009999999999998;216.82999999999998;10.66;85.0;85.0;;;;26/12/2025 13:29;;;;
;;;;;;;;;;;810.4481301425495;125.76810428989835;0.15421205310726757;26/12/2025 13:31;;;;
145.12857142857143;142.1;7.4523809523809526;6.914285714285714;1067.2904761904763;979.4380952380952;8.180952380952382;216.10000000000002;8.785714285714288;85.0;85.0;;;;26/12/2025 13:34;;;;
;;;;;;;;;;;860.139472077838;133.56195289233824;0.1545908493271051;26/12/2025 13:36;;;;
144.64761904761903;141.87142857142857;7.0238095238095255;6.438095238095237;1014.3238095238095;912.3095238095239;8.361904761904764;216.06190476190483;8.20952380952381;85.0;85.0;;;;26/12/2025 13:39;;;;
;;;;;;;;;;;471.68938791365315;63.17119393556535;0.12839646389188278;26/12/2025 13:42;;;;
147.47500000000008;145.35;3.4150000000000005;2.6750000000000003;504.8300000000001;390.62;8.485;214.49500000000003;3.9050000000000002;85.0;85.0;;;;26/12/2025 13:44;;;;
;;;;;;;;;;;294.1122065814544;37.90271636133923;0.12943519795789446;26/12/2025 13:47;;;;
150.95000000000002;148.61499999999998;3.275000000000001;2.495;495.1450000000001;372.83500000000004;8.529999999999998;214.85;3.8150000000000004;85.0;85.0;;;;26/12/2025 13:49;;;;
;;;;;;;;;;;450.2489611903054;58.576925285706075;0.1266097364115157;26/12/2025 13:52;;;;
152.27619047619046;150.33333333333331;4.557142857142858;4.009523809523809;692.3142857142858;605.757142857143;8.638095238095232;215.28571428571433;5.628571428571427;85.0;85.0;;;;26/12/2025 13:54;;;;
;;;;;;;;;;;370.7932621567218;37.90271636133923;0.10274861693370854;26/12/2025 13:58;;;;
153.13333333333335;151.34285714285718;3.5714285714285716;3.0476190476190474;546.0428571428571;459.86190476190467;8.719047619047622;215.08095238095243;4.423809523809524;85.0;85.0;;;;26/12/2025 14:00;;;;
;;;;;;;;;;;370.7932621567218;39.62556710503647;0.1067470098098077;26/12/2025 14:03;;;;
152.67000000000002;151.09;3.7300000000000004;3.2349999999999994;565.7500000000001;488.995;8.8;214.74;4.61;85.0;85.0;;;;26/12/2025 14:05;;;;
;;;;;;;;;;;331.10745269232916;37.90271636133923;0.11486912867203454;26/12/2025 14:09;;;;
153.23333333333335;152.90952380952382;3.2761904761904774;2.614285714285714;500.5142857142857;401.60476190476186;8.900000000000002;215.04285714285712;4.000000000000001;85.0;85.0;;;;26/12/2025 14:10;;;;
;;;;;;;;;;;310.7600673313481;37.90271636133923;0.12196778269109286;26/12/2025 14:14;;;;
153.15499999999997;153.52000000000004;3.1050000000000004;2.3049999999999997;474.02;360.52;8.965;214.76499999999996;3.7000000000000006;85.0;85.0;;;;26/12/2025 14:15;;;;
;;;;;;;;;;;275.61458352601693;37.90271636133923;0.13773232603211844;26/12/2025 14:19;;;;
153.2761904761905;153.38095238095238;2.8999999999999995;2.085714285714286;444.41904761904766;323.0857142857143;9.00952380952381;214.87619047619052;3.404761904761904;85.0;85.0;;;;26/12/2025 14:20;;;;
;;;;;;;;;;;277.46434583156065;37.90271636133923;0.13717918416050348;26/12/2025 14:25;;;;
154.2095238095238;153.2619047619048;2.7333333333333343;2.0714285714285716;423.1380952380952;321.9142857142857;9.099999999999998;214.80952380952385;3.314285714285714;85.0;85.0;;;;26/12/2025 14:25;;;;
;;;;;;;;;;;247.86814894286084;37.90271636133923;0.15377344030895151;26/12/2025 14:30;;;;
155.75238095238095;153.752380952381;2.5666666666666678;2.223809523809524;400.0190476190476;346.41428571428577;9.147619047619044;215.05238095238093;3.3190476190476184;85.0;85.0;;;;26/12/2025 14:31;;;;
;;;;;;;;;;;247.19550810448135;36.179865617641994;0.14678373847672646;26/12/2025 14:35;;;;
155.1952380952381;153.8428571428572;2.547619047619047;2.7238095238095235;393.57142857142856;420.74285714285713;9.199999999999998;215.4333333333334;3.614285714285714;85.0;85.0;;;;26/12/2025 14:36;;;;
;;;;;;;;;;;332.95721499787277;45.1222813825467;0.13608566522969553;26/12/2025 14:41;;;;
155.85;152.15;3.38;4.485;524.7700000000001;676.6499999999999;9.300000000000002;215.8;5.305000000000001;85.0;85.0;;;;26/12/2025 14:41;;;;
154.33333333333331;149.85238095238094;4.042857142857143;6.1380952380952385;620.5714285714284;913.0380952380953;9.419047619047621;216.26190476190476;6.704761904761904;85.0;85.0;425.5294103798571;60.29977602940332;0.14086288748739217;26/12/2025 14:46;;;;
155.29500000000002;146.91;3.4750000000000005;5.965;538.655;872.5450000000001;9.529999999999998;216.18999999999997;6.139999999999999;85.0;85.0;;;;26/12/2025 14:51;;;;
;;;;;;;;;;;369.9524611087475;46.92717263784857;0.1254659859821849;26/12/2025 14:51;;;;
153.69523809523807;145.07142857142856;3.8666666666666663;7.028571428571429;593.2238095238095;1008.5857142857143;9.642857142857137;216.3190476190476;6.928571428571429;85.0;85.0;;;;26/12/2025 14:56;;;;
;;;;;;;;;;;418.04628105288475;54.14673765905604;0.12696333716052152;26/12/2025 14:57;;;;
154.64000000000001;143.13999999999996;4.705000000000001;8.715;718.5150000000001;1236.2849999999999;9.795000000000002;216.935;8.495000000000001;85.0;85.0;;;;26/12/2025 15:01;;;;
;;;;;;;;;;;504.98510941344045;75.80543272267846;0.15011419408134505;26/12/2025 15:02;;;;
153.85999999999999;141.885;4.65;8.434999999999999;719.215;1200.1649999999997;9.95;216.82000000000002;8.21;85.0;85.0;;;;26/12/2025 15:06;;;;
;;;;;;;;;;;514.2339209411591;74.00054146737659;0.14450953886564386;26/12/2025 15:07;;;;
153.20999999999998;139.45499999999998;4.880000000000001;8.665;743.5799999999998;1202.2450000000001;10.094999999999995;216.975;8.370000000000001;85.0;85.0;;;;26/12/2025 15:11;;;;
;;;;;;;;;;;534.5813063021402;74.00054146737659;0.13857789815194382;26/12/2025 15:13;;;;
152.445;141.115;3.7550000000000003;6.575000000000001;574.28;924.2449999999999;10.245000000000005;216.35500000000002;6.4350000000000005;85.0;85.0;;;;26/12/2025 15:16;;;;
;;;;;;;;;;;347.7553134422227;45.1222813825467;0.1288736751488308;26/12/2025 15:18;;;;
152.14761904761906;144.52857142857144;2.0190476190476194;3.2285714285714278;311.70476190476194;468.69999999999993;10.314285714285717;215.57142857142853;3.4095238095238094;85.0;85.0;;;;26/12/2025 15:22;;;;
;;;;;;;;;;;176.56822007462955;1.7228507436972378;0.007391986829763203;26/12/2025 15:23;;;;
152.355;145.72;1.4900000000000004;2.595;230.16500000000002;381.32;10.400000000000002;215.075;2.725;85.0;85.0;;;;26/12/2025 15:27;;;;
;;;;;;;;;;;225.67100127633603;19.85380380832055;0.05774801139659907;26/12/2025 15:29;;;;
155.82857142857142;147.48571428571427;2.919047619047619;6.29047619047619;452.60952380952375;919.4714285714286;10.461904761904762;216.0476190476191;6.004761904761905;85.0;85.0;;;;26/12/2025 15:32;;;;
;;;;;;;;;;;264.51600969275455;25.268477574226154;0.07344718342552473;26/12/2025 15:34;;;;
153.26;148.355;1.3750000000000002;1.7800000000000007;214.615;269.90999999999997;10.529999999999998;215.27000000000004;2.165;85.0;85.0;;;;26/12/2025 15:37;;;;
;;;;;;;;;;;103.58668911044936;0.0;0.0;26/12/2025 15:39;;;;
152.65;149.385;1.045;1.1900000000000004;169.48;188.505;10.599999999999998;215.1;1.5950000000000002;85.0;85.0;;;;26/12/2025 15:42;;;;
;;;;;;;;;;;77.69001683283703;0.0;0.0;26/12/2025 15:45;;;;
152.84761904761905;150.7095238095238;0.8428571428571432;1.0238095238095237;140.3571428571429;164.30476190476193;10.599999999999998;215.07142857142853;1.3380952380952382;85.0;85.0;;;;26/12/2025 15:47;;;;
;;;;;;;;;;;91.8154744388074;0.0;0.0;26/12/2025 15:50;;;;
154.875;151.355;1.285;1.81;201.64999999999998;277.74;10.609999999999996;214.97499999999997;2.1599999999999997;85.0;85.0;;;;26/12/2025 15:52;;;;
;;;;;;;;;;;162.77908288784894;0.0;0.0;26/12/2025 15:55;;;;
156.41428571428565;152.22857142857146;1.3619047619047622;1.7571428571428567;219.28095238095236;272.19047619047626;10.699999999999996;214.96190476190475;2.18095238095238;85.0;85.0;;;;26/12/2025 15:57;;;;
;;;;;;;;;;;135.95752945746474;0.0;0.0;26/12/2025 16:01;;;;
154.34761904761902;160.41428571428568;1.2571428571428576;1.114285714285714;202.60000000000002;185.40952380952382;10.699999999999996;214.95238095238096;1.7428571428571429;85.0;85.0;;;;26/12/2025 16:03;;;;
;;;;;;;;;;;116.5350252492555;0.0;0.0;26/12/2025 16:06;;;;
153.8095238095238;157.1428571428571;0.9666666666666666;0.7238095238095235;163.71904761904764;123.80000000000001;10.728571428571431;214.90000000000006;1.271428571428572;85.0;85.0;;;;26/12/2025 16:08;;;;
;;;;;;;;;;;81.3895414439245;0.0;0.0;26/12/2025 16:11;;;;
153.4333333333333;151.80000000000004;0.7285714285714285;0.6999999999999997;126.92380952380952;118.1952380952381;10.800000000000004;214.87142857142857;1.0809523809523813;85.0;85.0;;;;26/12/2025 16:13;;;;
;;;;;;;;;;;72.1407299162058;0.0;0.0;26/12/2025 16:17;;;;
153.205;151.665;0.6599999999999999;0.6099999999999999;117.54999999999998;109.04500000000003;10.800000000000004;214.59;0.9949999999999998;85.0;85.0;;;;26/12/2025 16:18;;;;
;;;;;;;;;;;38.84500841641851;0.0;0.0;26/12/2025 16:22;;;;
152.9714285714286;151.94285714285712;0.5000000000000001;0.4904761904761905;92.02857142857142;89.7095238095238;10.800000000000004;214.72380952380948;0.823809523809524;85.0;85.0;;;;26/12/2025 16:23;;;;
;;;;;;;;;;;38.845008416418516;0.0;0.0;26/12/2025 16:27;;;;
153.05238095238096;152.15238095238095;0.4476190476190477;0.4904761904761905;83.3095238095238;92.0142857142857;10.800000000000004;214.76666666666668;0.7904761904761907;85.0;85.0;;;;26/12/2025 16:29;;;;
;;;;;;;;;;;37.07932621567222;0.0;0.0;26/12/2025 16:33;;;;
151.84;152.025;0.3049999999999999;0.40500000000000014;63.154999999999994;80.905;10.800000000000004;214.775;0.6599999999999997;85.0;85.0;;;;26/12/2025 16:34;;;;
;;;;;;;;;;;14.798098444349902;-3.6097825106037362;-0.04646391721565442;26/12/2025 16:38;;;;
152.07142857142858;151.252380952381;0.2238095238095239;0.29047619047619044;51.357142857142854;65.25238095238095;10.800000000000004;214.81428571428575;0.5619047619047619;85.0;85.0;;;;26/12/2025 16:39;;;;
;;;;;;;;;;;0.0;-10.829347531811209;0.0;26/12/2025 16:43;;;;
150.085;151.275;0.18000000000000005;0.20000000000000004;42.419999999999995;49.95;10.875000000000004;214.84499999999997;0.495;85.0;85.0;;;;26/12/2025 16:44;;;;
;;;;;;;;;;;0.0;-12.634238787113077;0.0;26/12/2025 16:49;;;;
148.2571428571429;147.79047619047623;0.10000000000000002;0.10000000000000002;36.77142857142857;37.86666666666666;10.900000000000004;215.0;0.4333333333333334;85.0;85.0;;;;26/12/2025 16:49;;;;
;;;;;;;;;;;0.0;-20.67420892436685;0.0;26/12/2025 16:54;;;;
148.03333333333333;143.01904761904757;0.10000000000000002;0.06190476190476191;33.185714285714276;25.423809523809524;10.900000000000004;214.8142857142857;0.3857142857142858;85.0;85.0;;;;26/12/2025 16:54;;;;
145.37000000000003;141.465;0.05499999999999999;0.0;28.924999999999994;17.205;10.900000000000004;214.93999999999997;0.4000000000000001;85.0;85.0;0.0;-32.488042595433626;0.0;26/12/2025 16:59;;;;
140.86666666666667;136.6095238095238;0.0;0.0;23.9;8.195238095238096;10.900000000000004;215.0857142857143;0.3857142857142858;85.0;85.0;;;;26/12/2025 17:05;;;;
;;;;;;;;;;;0.0;-32.734164130247514;0.0;26/12/2025 17:05;;;;
133.21499999999997;140.98999999999998;0.0;0.0;16.23;5.095000000000001;10.900000000000004;215.455;0.39;85.0;85.0;;;;26/12/2025 17:10;;;;
;;;;;;;;;;;0.0;-37.90271636133923;0.0;26/12/2025 17:10;;;;
126.6333333333333;148.42380952380952;0.0;0.0;7.661904761904762;4.752380952380953;10.900000000000004;214.84285714285713;0.3666666666666667;85.0;85.0;;;;26/12/2025 17:15;;;;
;;;;;;;;;;;0.0;-32.488042595433626;0.0;26/12/2025 17:16;;;;
144.405;146.03;0.0;0.0;4.005000000000001;3.7700000000000005;10.900000000000004;214.865;0.35;85.0;85.0;;;;26/12/2025 17:20;;;;
;;;;;;;;;;;-10.59409320447777;-34.45701487394476;0.0;26/12/2025 17:21;;;;
141.7952380952381;140.2333333333333;0.0;0.0;1.690476190476191;1.657142857142857;10.900000000000004;214.63333333333335;0.35714285714285715;85.0;85.0;;;;26/12/2025 17:25;;;;
;;;;;;;;;;;-27.746434583156077;-37.90271636133923;0.0;26/12/2025 17:26;;;;
139.0904761904762;140.01428571428573;0.0;0.0;0.7714285714285714;0.7476190476190476;10.900000000000004;214.4904761904762;0.3666666666666667;85.0;85.0;;;;26/12/2025 17:30;;;;
;;;;;;;;;;;-31.445959194243557;-37.90271636133923;0.0;26/12/2025 17:32;;;;
134.36190476190473;135.83809523809524;0.0;0.0;0.4523809523809524;0.48571428571428565;10.900000000000004;214.3857142857143;0.36190476190476195;85.0;85.0;;;;26/12/2025 17:36;;;;
;;;;;;;;;;;-37.07932621567222;-37.90271636133923;0.0;26/12/2025 17:37;;;;
119.67619047619044;125.24761904761905;0.0;0.0;0.3952380952380953;0.41428571428571426;10.900000000000004;213.97619047619048;0.3571428571428572;85.0;85.0;;;;26/12/2025 17:41;;;;
;;;;;;;;;;;-38.84500841641851;-34.292933850735494;0.0;26/12/2025 17:42;;;;
